M,cuBLAS,Triton
128.000000,1.036288,1.335296
256.000000,2.105344,2.706432
512.000000,5.090496,5.506048
1024.000000,7.655424,11.156528
