N,cuBLAS,Triton
128.000000,0.013312,0.007168
256.000000,0.017408,0.008256
512.000000,0.030720,0.026528
1024.000000,0.145408,0.167936
