M,cuBLAS,Triton
128.000000,1.036288,1.334272
256.000000,2.105536,2.710528
512.000000,5.091216,5.511168
1024.000000,7.653888,11.141264
