N,cuBLAS,Triton
128.000000,0.014176,0.006976
256.000000,0.018128,0.008224
512.000000,0.030720,0.026624
1024.000000,0.146432,0.167936
