size,Triton,Torch
1048576.000000,682.666643,682.666643
2097152.000000,1012.139023,910.222190
4194304.000000,1257.285363,1170.285698
8388608.000000,1489.454534,1456.355533
16777216.000000,1680.410315,1659.139290
33554432.000000,1795.506778,1609.170956
67108864.000000,1859.177347,1765.279512
134217728.000000,1889.326205,1849.340355
268435456.000000,1904.770206,1891.029848
536870912.000000,1913.459918,1908.236602
1073741824.000000,1917.478355,1910.409413
